component,explained_variance_ratio
PC1,0.2996662330924549
PC2,0.1929258139113929
